<addon id="repository.khophim" name="Kho Phim Repository" version="1.0.0" provider-name="Tên của bạn">
    <extension point="xbmc.addon.repository" name="Kho Phim Repository">
        <info compressed="false">https://raw.githubusercontent.com/forcef5/khophimcuibap/main/repository/addons.xml</info>
        <checksum>https://raw.githubusercontent.com/forcef5/khophimcuibap/main/repository/addons.xml.md5</checksum>
        <datadir zip="true">https://raw.githubusercontent.com/forcef5/khophimcuibap/main/repository/</datadir>
    </extension>
    <extension point="xbmc.addon.metadata">
        <summary lang="en">Kho phim repository for Kodi</summary>
        <description lang="en">This repository provides access to Kho Phim add-ons.</description>
        <platform>all</platform>
    </extension>
</addon>
